{"0.3622601954153699":{"user_id":1},"0.2971265743731415":{"user_id":14},"0.8438645252030563":{"user_id":14}}